Workbook

Sheet Rubric
A1: Team Participation Rubric
A3: Possible | C3: Participation with your team
A4: 20 | C4: Git pull requests (1 per week)
A5: 30 | C5: User story hours completed (8 per week)
A6: 10 | C6: Sprint meeting attendance (3 per sprint)
A7: 10 | C7: Daily Stand-ups (2 per week)
A8: 10 | C8: Team work sessions (2 per week)
A9: 20 | C9: Hours worked (12 per week)
A11: =SUM(A4:A9) -> 100 | C11: Total

Sheet Score
A1: Team Participation Rubric
A3: You did a good job of contributing to the success your team's project! Here is the participation grade breakdown:
A5: Possible | B5: Points | C5: Stats | E5: Participation with your team
A6: 20 | B6: =C6*2 -> 20 | C6: 10 | E6: Git pull requests (1 per week)
A7: 30 | B7: =C7*3/8 -> 30 | C7: 80 | E7: User story hours completed (8 per week)
A8: 10 | B8: =C8*2/3 -> 10 | C8: 15 | E8: Sprint meeting attendance (3 per sprint)
A9: 10 | B9: =C9/2 -> 10 | C9: 20 | E9: Daily Stand-ups (2 per week)
A10: 10 | B10: =C10/2 -> 10 | C10: 20 | E10: Team work sessions (2 per week)
A11: 20 | B11: =C11/6 -> 20 | C11: 120 | E11: Hours worked (12 per week)
A13: =SUM(A6:A11) -> 100 | B13: =SUM(B6:B11) -> 100 | E13: Total (100 maximum)

Sheet Pro-rated
A2: Number of weeks: | C2: 10
A5: Possible | B5: Points | C5: Stats | E5: Participation with your team
A6: =Score!A6*($C$2/10) -> 20 | B6: =C6*2 -> 20 | C6: 10 | E6: Git pull requests (1 per week)
A7: =Score!A7*($C$2/10) -> 30 | B7: =C7*3/8 -> 30 | C7: 80 | E7: User story hours completed (8 per week)
A8: =Score!A8*($C$2/10) -> 10 | B8: =C8*2/3 -> 10 | C8: 15 | E8: Sprint meeting attendance (3 per sprint)
A9: =Score!A9*($C$2/10) -> 10 | B9: =C9/2 -> 10 | C9: 20 | E9: Daily Stand-ups (2 per week)
A10: =Score!A10*($C$2/10) -> 10 | B10: =C10/2 -> 10 | C10: 20 | E10: Team work sessions (2 per week)
A11: =Score!A11*($C$2/10) -> 20 | B11: =C11/6 -> 20 | C11: 120 | E11: Hours worked (12 per week)
A13: =SUM(A6:A11) -> 100 | B13: =SUM(B6:B11) -> 100 | E13: Total | F13: =B13/A13 -> 1
